symbol,trade_date,open_price,high_price,low_price,close_price,volume
600519,2026-02-12,1500.2,1502.82,1473.36,1486.6,4624582
600519,2026-02-13,1486.6,1507.8,1470.58,1485.3,4167901
600519,2026-02-24,1521.0,1524.4,1463.6,1466.8,4191253
600519,2026-02-25,1470.0,1509.66,1467.88,1491.66,3688067
600519,2026-02-26,1486.6,1489.49,1464.67,1466.21,3295801
600519,2026-02-27,1466.99,1476.21,1455.02,1455.02,3216016
600519,2026-03-02,1450.0,1457.0,1436.66,1440.11,3545386
600519,2026-03-03,1440.1,1452.87,1422.13,1426.19,4589086
600519,2026-03-04,1415.0,1423.0,1392.09,1401.18,4801443
600519,2026-03-05,1406.0,1412.96,1395.0,1399.04,3050524
600519,2026-03-06,1395.0,1407.5,1388.0,1402.0,2915415
600519,2026-03-09,1390.0,1404.9,1383.2,1397.0,3744162
600519,2026-03-10,1404.9,1409.49,1398.0,1401.88,2462592
600519,2026-03-11,1402.99,1405.99,1398.02,1400.0,2445673
600519,2026-03-12,1395.0,1403.95,1391.01,1392.0,2758646
600519,2026-03-13,1392.48,1417.62,1392.0,1413.64,3360783
600519,2026-03-16,1420.0,1466.0,1420.0,1460.18,6008635
600519,2026-03-17,1468.0,1498.07,1461.19,1485.0,4945361
600519,2026-03-18,1489.0,1496.5,1463.15,1468.8,3555100
600519,2026-03-19,1472.96,1473.0,1446.0,1452.87,3031859
600519,2026-03-20,1452.96,1462.5,1439.0,1445.0,2613234
600519,2026-03-23,1433.33,1435.0,1400.03,1408.07,4725589
600519,2026-03-24,1416.0,1417.59,1400.18,1407.33,2856179
600519,2026-03-25,1410.11,1417.87,1401.01,1410.27,2609346
600519,2026-03-26,1409.0,1413.9,1400.3,1401.18,2309289
600519,2026-03-27,1400.0,1426.0,1396.66,1416.02,3008711
600519,2026-03-30,1407.0,1431.0,1402.52,1420.0,2868459
600519,2026-03-31,1468.0,1479.93,1448.41,1450.0,6169066
000858,2026-02-12,105.9,106.11,104.4,104.62,18172982
000858,2026-02-13,104.7,106.88,104.17,106.06,24123984
000858,2026-02-24,108.18,109.19,105.0,105.16,21014361
000858,2026-02-25,105.0,106.11,104.87,105.17,16152900
000858,2026-02-26,105.0,105.33,103.6,103.88,19232479
000858,2026-02-27,103.88,104.55,103.88,104.05,11918816
000858,2026-03-02,103.0,104.6,102.34,103.22,20406363
000858,2026-03-03,103.01,104.38,101.9,102.55,23059451
000858,2026-03-04,102.0,102.01,100.75,101.02,18301822
000858,2026-03-05,101.62,101.97,101.15,101.45,10052078
000858,2026-03-06,101.34,102.49,101.05,102.4,11291640
000858,2026-03-09,101.32,102.6,101.27,101.52,17778084
000858,2026-03-10,101.88,102.39,101.76,102.05,11169430
000858,2026-03-11,102.05,102.35,101.59,102.18,10780126
000858,2026-03-12,102.0,102.73,101.6,102.27,11661418
000858,2026-03-13,102.06,103.66,101.85,102.95,15318710
000858,2026-03-16,102.8,105.31,102.7,104.54,20304875
000858,2026-03-17,104.54,105.82,104.0,104.79,17770249
000858,2026-03-18,104.79,104.99,103.4,103.72,11720905
000858,2026-03-19,103.01,103.41,102.51,102.53,11437347
000858,2026-03-20,102.53,103.18,101.9,102.4,10286504
000858,2026-03-23,101.4,101.78,100.04,100.23,20518979
000858,2026-03-24,100.88,101.46,100.04,101.34,11750754
000858,2026-03-25,101.35,102.58,100.88,102.45,10858964
000858,2026-03-26,102.2,102.89,101.28,101.28,9592448
000858,2026-03-27,100.5,102.88,100.41,102.65,10295755
000858,2026-03-30,101.99,103.9,101.8,103.46,12490697
000858,2026-03-31,105.0,105.8,103.27,103.27,17834771
601318,2026-02-12,67.6,67.68,66.35,66.54,64637155
601318,2026-02-13,66.15,66.35,65.06,65.29,84077184
601318,2026-02-24,65.77,66.25,64.37,64.5,80005314
601318,2026-02-25,64.7,65.74,64.7,65.05,68355572
601318,2026-02-26,65.5,65.53,63.29,63.5,103614642
601318,2026-02-27,63.6,63.74,63.06,63.09,63301213
601318,2026-03-02,62.41,63.11,61.7,62.35,101086184
601318,2026-03-03,62.45,63.72,61.93,62.57,109553470
601318,2026-03-04,62.2,62.56,60.65,61.79,100813361
601318,2026-03-05,62.01,62.72,61.8,62.08,54636541
601318,2026-03-06,61.79,63.35,61.66,62.67,57463292
601318,2026-03-09,61.44,61.52,60.01,61.4,93036823
601318,2026-03-10,61.86,62.38,61.72,62.09,46218362
601318,2026-03-11,62.09,62.91,61.8,62.55,51727048
601318,2026-03-12,62.15,62.43,61.22,61.6,66854186
601318,2026-03-13,61.37,61.87,61.08,61.2,45804107
601318,2026-03-16,61.2,61.36,60.1,60.48,81859571
601318,2026-03-17,60.59,62.8,60.58,61.84,90184988
601318,2026-03-18,61.87,62.32,61.5,61.89,49047083
601318,2026-03-19,61.2,61.29,60.4,60.62,68472203
601318,2026-03-20,60.8,60.9,59.7,59.74,62076703
601318,2026-03-23,58.9,59.0,57.24,57.47,125382261
601318,2026-03-24,58.0,58.34,57.5,58.12,68186982
601318,2026-03-25,58.5,59.36,58.42,58.79,56238854
601318,2026-03-26,58.78,58.78,56.53,56.8,101189634
601318,2026-03-27,56.86,57.39,56.42,56.95,83437858
601318,2026-03-30,56.34,56.55,55.84,56.33,73754441
601318,2026-03-31,56.29,57.69,56.21,56.78,76411377
000333,2026-02-12,79.46,80.06,79.3,79.8,18878441
000333,2026-02-13,79.51,80.0,78.91,79.05,25510243
000333,2026-02-24,80.2,80.6,79.52,79.52,25251393
000333,2026-02-25,80.28,80.77,79.29,79.7,28552395
000333,2026-02-26,80.15,80.2,78.75,79.25,25327062
000333,2026-02-27,79.03,79.5,78.5,78.64,20160388
000333,2026-03-02,78.0,78.06,76.7,77.45,27478559
000333,2026-03-03,77.46,77.64,76.5,76.56,28800034
000333,2026-03-04,76.0,76.52,75.37,76.16,28493355
000333,2026-03-05,76.6,76.99,76.12,76.27,19687239
000333,2026-03-06,76.22,76.72,75.76,76.52,20662879
000333,2026-03-09,75.73,76.1,75.02,75.41,25947837
000333,2026-03-10,75.75,76.84,75.75,76.6,20908556
000333,2026-03-11,76.6,77.72,76.1,77.39,25135764
000333,2026-03-12,77.3,77.75,76.93,77.4,19330478
000333,2026-03-13,76.95,77.46,76.65,76.86,18729288
000333,2026-03-16,76.52,76.88,75.68,76.64,20560029
000333,2026-03-17,76.98,77.6,76.6,76.6,21407454
000333,2026-03-18,76.74,77.3,76.3,77.06,20071638
000333,2026-03-19,76.43,76.98,75.93,76.0,23272907
000333,2026-03-20,75.92,76.15,75.12,75.12,21912595
000333,2026-03-23,73.95,73.97,72.35,73.37,46200800
000333,2026-03-24,73.73,74.42,72.8,74.23,26714723
000333,2026-03-25,74.5,74.97,73.95,74.8,18496362
000333,2026-03-26,74.89,75.54,74.18,74.32,17708533
000333,2026-03-27,72.9,74.95,72.8,74.78,31912535
000333,2026-03-30,73.35,74.0,71.77,72.1,45622715
000333,2026-03-31,75.05,77.32,74.31,76.35,69491461
600036,2026-02-12,39.4,39.42,38.73,38.99,77752571
600036,2026-02-13,38.95,39.09,38.63,38.71,70537032
600036,2026-02-24,39.2,39.41,38.82,38.94,75467438
600036,2026-02-25,38.9,39.15,38.72,38.78,72397149
600036,2026-02-26,38.8,39.02,38.5,38.7,59332534
600036,2026-02-27,38.75,38.95,38.64,38.75,63703472
600036,2026-03-02,38.6,38.87,38.42,38.67,68547313
600036,2026-03-03,38.66,39.55,38.56,39.18,138465642
600036,2026-03-04,39.01,39.03,38.01,38.6,115193902
600036,2026-03-05,38.66,39.24,38.63,39.15,78336979
600036,2026-03-06,39.1,39.32,38.95,39.2,46595667
600036,2026-03-09,38.9,39.18,38.75,38.79,76677490
600036,2026-03-10,38.94,39.24,38.8,39.22,61371700
600036,2026-03-11,39.3,39.5,38.95,39.5,68940710
600036,2026-03-12,39.45,39.58,39.33,39.5,52772330
600036,2026-03-13,39.46,40.05,39.35,39.76,76527668
600036,2026-03-16,39.77,40.04,39.64,39.91,61094451
600036,2026-03-17,39.89,40.36,39.83,40.12,65622927
600036,2026-03-18,40.13,40.32,39.79,39.92,70583141
600036,2026-03-19,39.88,40.04,39.7,39.77,65024684
600036,2026-03-20,39.85,40.08,39.66,39.75,61580273
600036,2026-03-23,39.58,39.7,38.55,38.68,95773829
600036,2026-03-24,38.8,39.32,38.73,39.25,61633642
600036,2026-03-25,39.33,39.4,38.94,39.26,65381669
600036,2026-03-26,39.15,39.69,39.14,39.56,61679007
600036,2026-03-27,39.5,39.7,39.25,39.44,46800671
600036,2026-03-30,39.24,39.57,39.13,39.48,64605410
600036,2026-03-31,39.54,39.73,39.28,39.32,66309671
002415,2026-02-12,32.38,32.66,32.33,32.49,38172063
002415,2026-02-13,32.4,32.7,32.2,32.38,31770425
002415,2026-02-24,32.58,32.89,32.27,32.34,38146143
002415,2026-02-25,32.32,32.51,31.85,31.93,53525933
002415,2026-02-26,31.87,31.99,31.2,31.56,65740354
002415,2026-02-27,31.4,31.45,31.14,31.44,39916641
002415,2026-03-02,31.01,31.41,30.81,31.16,48418999
002415,2026-03-03,31.18,31.28,30.25,30.31,74135596
002415,2026-03-04,30.03,30.55,29.95,30.26,42789610
002415,2026-03-05,30.61,30.89,30.6,30.76,36805558
002415,2026-03-06,30.49,31.09,30.46,31.07,27243868
002415,2026-03-09,30.61,31.19,30.44,31.16,41295200
002415,2026-03-10,31.3,31.37,31.05,31.32,31038825
002415,2026-03-11,31.34,31.7,31.18,31.65,38285918
002415,2026-03-12,31.53,31.93,31.45,31.92,34586215
002415,2026-03-13,31.69,32.02,31.62,31.94,36707395
002415,2026-03-16,31.92,32.04,31.63,31.76,31416117
002415,2026-03-17,31.81,32.05,31.52,31.62,34872542
002415,2026-03-18,31.61,32.2,31.18,32.17,49430816
002415,2026-03-19,31.9,32.0,31.13,31.25,43323182
002415,2026-03-20,31.27,31.62,31.17,31.3,31569796
002415,2026-03-23,30.64,31.08,29.95,30.01,47952087
002415,2026-03-24,30.38,30.48,29.56,30.28,41866836
002415,2026-03-25,30.28,30.83,30.21,30.78,31597727
002415,2026-03-26,30.73,31.0,30.17,30.37,28777667
002415,2026-03-27,30.07,30.6,30.03,30.35,19770966
002415,2026-03-30,30.0,30.56,29.6,30.53,34865263
002415,2026-03-31,30.35,30.68,30.26,30.42,23340712
600276,2026-02-12,58.6,59.49,58.5,58.74,34868980
600276,2026-02-13,58.76,59.05,58.13,58.23,34356810
600276,2026-02-24,58.31,58.48,57.72,58.01,33898134
600276,2026-02-25,57.98,58.2,57.58,57.86,42157937
600276,2026-02-26,57.86,58.1,56.6,56.72,50898707
600276,2026-02-27,56.62,57.27,56.3,56.56,36364110
600276,2026-03-02,55.58,56.08,54.2,54.54,74206195
600276,2026-03-03,54.7,55.33,53.45,53.61,60139910
600276,2026-03-04,53.22,53.9,52.67,52.98,47151820
600276,2026-03-05,53.41,54.84,53.1,53.72,48485984
600276,2026-03-06,53.6,55.67,53.4,55.56,62911930
600276,2026-03-09,54.78,55.18,54.05,54.94,42623328
600276,2026-03-10,55.3,56.75,55.3,56.55,47360492
600276,2026-03-11,56.45,56.55,55.6,55.83,32125928
600276,2026-03-12,55.8,56.04,55.23,55.3,26669135
600276,2026-03-13,55.3,55.63,54.95,55.11,24416444
600276,2026-03-16,55.21,56.05,54.52,55.59,30775144
600276,2026-03-17,55.69,57.44,55.38,56.3,50411099
600276,2026-03-18,56.26,57.08,56.02,56.88,39379311
600276,2026-03-19,56.17,57.03,55.91,56.02,34364651
600276,2026-03-20,56.19,56.76,55.05,55.14,34739510
600276,2026-03-23,54.18,54.35,52.41,52.78,48770157
600276,2026-03-24,53.27,53.74,52.81,53.64,34835504
600276,2026-03-25,54.0,54.86,53.84,54.1,41152562
600276,2026-03-26,53.28,54.1,51.54,51.63,64941653
600276,2026-03-27,51.3,55.48,51.11,55.18,99119628
600276,2026-03-30,54.73,56.1,54.61,55.76,69727079
600276,2026-03-31,55.86,57.38,55.2,55.22,69292392
000651,2026-02-12,38.64,38.7,38.39,38.43,27163335
000651,2026-02-13,38.43,38.52,38.26,38.37,19719414
000651,2026-02-24,38.6,38.65,38.38,38.43,25206142
000651,2026-02-25,38.48,38.78,38.42,38.49,33846463
000651,2026-02-26,37.5,37.94,37.5,37.59,84341374
000651,2026-02-27,37.58,37.67,37.22,37.45,47221795
000651,2026-03-02,37.3,37.36,37.01,37.2,45275145
000651,2026-03-03,37.19,37.45,37.01,37.09,45709825
000651,2026-03-04,37.0,37.03,36.6,36.89,42985882
000651,2026-03-05,36.93,37.12,36.93,37.04,24140281
000651,2026-03-06,37.0,37.43,36.85,37.4,26663501
000651,2026-03-09,37.2,37.48,37.03,37.33,30094311
000651,2026-03-10,37.37,37.74,37.34,37.74,28565386
000651,2026-03-11,37.75,37.87,37.54,37.8,27614505
000651,2026-03-12,37.7,37.92,37.58,37.88,23999721
000651,2026-03-13,37.88,38.66,37.8,38.6,59326449
000651,2026-03-16,38.5,38.9,38.39,38.78,42274002
000651,2026-03-17,38.9,39.2,38.83,38.94,43806523
000651,2026-03-18,38.94,39.05,38.71,39.02,35354959
000651,2026-03-19,38.8,38.98,38.44,38.56,31205238
000651,2026-03-20,38.55,38.77,38.13,38.22,44759999
000651,2026-03-23,37.72,37.75,36.83,36.94,55367938
000651,2026-03-24,37.15,37.69,37.02,37.6,33340047
000651,2026-03-25,37.68,38.15,37.55,38.13,26114192
000651,2026-03-26,38.16,38.35,37.9,37.94,19284413
000651,2026-03-27,37.61,38.01,37.48,37.88,19194682
000651,2026-03-30,37.51,37.76,37.4,37.65,21303166
000651,2026-03-31,37.65,38.37,37.65,37.82,30643446
601166,2026-02-12,18.86,18.86,18.56,18.59,77762241
601166,2026-02-13,18.6,18.66,18.45,18.49,66259388
601166,2026-02-24,18.55,18.59,18.35,18.35,81562485
601166,2026-02-25,18.37,18.49,18.27,18.3,86086167
601166,2026-02-26,18.35,18.41,18.21,18.25,56823807
601166,2026-02-27,18.24,18.45,18.24,18.31,87003521
601166,2026-03-02,18.26,18.42,18.21,18.31,85283543
601166,2026-03-03,18.32,18.6,18.25,18.44,120307080
601166,2026-03-04,18.38,18.42,18.02,18.14,117524438
601166,2026-03-05,18.16,18.48,18.15,18.47,88303688
601166,2026-03-06,18.4,18.57,18.38,18.52,58880320
601166,2026-03-09,18.4,18.53,18.29,18.3,93932811
601166,2026-03-10,18.32,18.52,18.3,18.47,61572691
601166,2026-03-11,18.49,18.71,18.4,18.71,74255828
601166,2026-03-12,18.68,18.83,18.66,18.81,70194562
601166,2026-03-13,18.8,18.99,18.73,18.83,66844636
601166,2026-03-16,18.88,18.97,18.78,18.83,71595899
601166,2026-03-17,18.84,19.07,18.8,19.01,82046147
601166,2026-03-18,19.0,19.05,18.84,18.95,63523202
601166,2026-03-19,18.89,19.0,18.81,18.83,65973866
601166,2026-03-20,18.85,18.96,18.76,18.79,66428256
601166,2026-03-23,18.65,18.66,18.14,18.24,109236970
601166,2026-03-24,18.3,18.73,18.3,18.72,81747871
601166,2026-03-25,18.78,18.79,18.58,18.76,58180014
601166,2026-03-26,18.75,18.98,18.71,18.88,58122160
601166,2026-03-27,18.8,18.92,18.69,18.7,58732428
601166,2026-03-30,18.6,18.73,18.54,18.69,62244802
601166,2026-03-31,18.72,18.96,18.69,18.82,75026646
300750,2026-02-12,370.0,377.88,368.03,375.87,27754580
300750,2026-02-13,375.61,377.0,365.01,365.34,22314532
300750,2026-02-24,372.64,373.5,361.95,361.95,22695131
300750,2026-02-25,363.69,366.6,360.1,362.18,18716639
300750,2026-02-26,356.05,358.2,343.5,346.0,43541381
300750,2026-02-27,347.12,348.94,342.01,342.01,25446620
300750,2026-03-02,341.0,344.9,336.68,340.22,28351326
300750,2026-03-03,346.33,354.35,344.03,344.07,40007479
300750,2026-03-04,341.1,342.02,334.2,338.9,25080441
300750,2026-03-05,344.58,353.85,342.66,350.25,31006068
300750,2026-03-06,349.0,357.02,344.66,354.77,20963113
300750,2026-03-09,348.84,359.85,345.06,357.5,31797613
300750,2026-03-10,375.0,379.77,366.5,376.3,50741728
300750,2026-03-11,379.58,403.55,378.98,396.8,57598685
300750,2026-03-12,400.0,400.9,392.7,395.5,29150375
300750,2026-03-13,393.88,403.99,393.8,397.0,35582639
300750,2026-03-16,401.77,413.17,398.0,408.4,37352104
300750,2026-03-17,415.78,420.0,404.56,405.0,35980678
300750,2026-03-18,405.36,406.0,396.77,402.02,26529996
300750,2026-03-19,401.94,414.0,400.0,400.5,29286635
300750,2026-03-20,405.08,422.08,400.13,413.0,53729677
300750,2026-03-23,417.33,417.36,398.75,401.99,44614145
300750,2026-03-24,405.0,411.9,388.0,396.99,36410525
300750,2026-03-25,393.0,400.5,387.8,397.81,26752828
300750,2026-03-26,393.84,413.72,392.0,402.5,26763697
300750,2026-03-27,406.12,418.33,401.73,416.18,30258043
300750,2026-03-30,413.0,418.85,405.6,413.0,25348419
300750,2026-03-31,413.0,416.95,401.58,401.7,24925645
600030,2026-02-12,28.03,28.03,27.77,27.87,95785415
600030,2026-02-13,27.87,28.0,27.62,27.62,109046516
600030,2026-02-24,27.76,27.8,27.61,27.63,84792805
600030,2026-02-25,27.64,27.89,27.61,27.74,101623021
600030,2026-02-26,27.75,27.78,27.33,27.38,132628852
600030,2026-02-27,27.36,27.49,27.18,27.37,87758758
600030,2026-03-02,27.11,27.2,26.86,27.07,130969370
600030,2026-03-03,27.06,27.38,26.75,26.8,160721145
600030,2026-03-04,26.6,26.65,26.05,26.14,150080106
600030,2026-03-05,26.33,26.44,26.1,26.21,81899057
600030,2026-03-06,26.18,26.58,26.11,26.43,77673336
600030,2026-03-09,26.01,26.01,25.63,25.88,126946526
600030,2026-03-10,26.1,26.27,26.0,26.13,90837752
600030,2026-03-11,26.14,26.2,25.94,26.1,88402598
600030,2026-03-12,26.0,26.08,25.8,25.93,91861750
600030,2026-03-13,25.73,25.95,25.66,25.75,80647744
600030,2026-03-16,25.66,25.69,25.36,25.5,115669803
600030,2026-03-17,25.5,26.55,25.5,25.91,221171782
600030,2026-03-18,25.9,26.02,25.75,25.97,85965852
600030,2026-03-19,25.75,25.84,25.5,25.61,107159437
600030,2026-03-20,25.62,25.71,25.3,25.3,100896257
600030,2026-03-23,25.0,25.0,24.09,24.29,199265633
600030,2026-03-24,24.5,24.61,24.08,24.36,127910113
600030,2026-03-25,24.4,24.85,24.36,24.66,113477202
600030,2026-03-26,24.58,24.62,24.05,24.13,113838924
600030,2026-03-27,24.05,24.37,24.01,24.26,94772015
600030,2026-03-30,23.99,24.17,23.88,24.1,90949319
600030,2026-03-31,24.1,24.44,24.03,24.04,102248550
000002,2026-02-12,4.93,5.06,4.92,4.92,294856547
000002,2026-02-13,4.95,4.99,4.88,4.97,224573180
000002,2026-02-24,4.94,4.96,4.9,4.92,155701885
000002,2026-02-25,4.92,5.07,4.91,5.0,246730946
000002,2026-02-26,4.99,5.0,4.81,4.82,278738664
000002,2026-02-27,4.83,4.84,4.79,4.84,113276755
000002,2026-03-02,4.76,4.82,4.73,4.75,149150710
000002,2026-03-03,4.75,4.78,4.66,4.67,159681704
000002,2026-03-04,4.64,4.68,4.59,4.62,117689639
000002,2026-03-05,4.65,4.73,4.65,4.69,96074299
000002,2026-03-06,4.67,4.72,4.65,4.72,93790470
000002,2026-03-09,4.65,4.67,4.62,4.65,92022291
000002,2026-03-10,4.66,4.69,4.65,4.67,63955629
000002,2026-03-11,4.66,4.69,4.64,4.67,77062306
000002,2026-03-12,4.66,4.68,4.63,4.65,75863123
000002,2026-03-13,4.65,4.73,4.64,4.66,116130132
000002,2026-03-16,4.66,4.72,4.64,4.66,90004039
000002,2026-03-17,4.68,4.76,4.66,4.7,155801601
000002,2026-03-18,4.68,4.69,4.61,4.63,108765302
000002,2026-03-19,4.61,4.63,4.5,4.5,140671728
000002,2026-03-20,4.51,4.53,4.33,4.34,182408676
000002,2026-03-23,4.25,4.26,4.01,4.02,212064792
000002,2026-03-24,4.09,4.11,4.02,4.09,91531266
000002,2026-03-25,4.08,4.14,4.07,4.12,86515580
000002,2026-03-26,4.1,4.14,4.03,4.04,84825892
000002,2026-03-27,4.01,4.07,3.98,4.06,65723062
000002,2026-03-30,4.0,4.03,3.96,4.01,94848143
000002,2026-03-31,4.02,4.08,3.98,3.99,98965738
601888,2026-02-12,96.78,97.07,93.9,94.17,43302754
601888,2026-02-13,94.47,95.59,93.42,94.64,36714561
601888,2026-02-24,88.0,88.96,85.18,85.18,48629402
601888,2026-02-25,83.0,83.94,80.61,82.1,68228159
601888,2026-02-26,81.22,82.0,80.01,80.1,51961656
601888,2026-02-27,79.88,81.34,79.85,80.58,28587504
601888,2026-03-02,77.82,79.41,77.14,78.1,42695443
601888,2026-03-03,77.9,78.55,75.45,75.73,46517528
601888,2026-03-04,75.06,76.98,75.02,76.76,32655022
601888,2026-03-05,77.5,77.7,76.16,76.45,23906753
601888,2026-03-06,75.98,77.1,75.64,76.62,17714766
601888,2026-03-09,75.0,75.5,74.17,75.1,29131295
601888,2026-03-10,75.81,76.58,75.08,75.4,17923553
601888,2026-03-11,75.41,75.65,74.06,74.33,21958778
601888,2026-03-12,74.21,74.5,73.01,73.74,23670439
601888,2026-03-13,73.22,74.2,73.2,73.29,17800916
601888,2026-03-16,73.2,75.86,72.9,75.17,33312040
601888,2026-03-17,75.0,76.5,74.63,75.35,26377040
601888,2026-03-18,75.0,75.5,74.27,74.96,14458872
601888,2026-03-19,74.0,74.2,72.36,72.56,20031351
601888,2026-03-20,73.0,73.86,72.15,72.2,16554122
601888,2026-03-23,71.8,72.15,70.2,70.77,24495671
601888,2026-03-24,71.51,71.6,69.53,70.82,19492140
601888,2026-03-25,71.13,71.96,70.7,71.82,17356841
601888,2026-03-26,71.52,72.12,70.41,70.69,15324013
601888,2026-03-27,70.0,71.85,69.9,71.65,14464527
601888,2026-03-30,70.51,71.16,70.07,70.86,13439196
601888,2026-03-31,71.35,73.24,70.38,70.38,21218819
002594,2026-02-12,92.29,92.35,91.08,91.16,23031332
002594,2026-02-13,90.05,91.09,89.88,90.27,21733887
002594,2026-02-24,91.98,91.99,90.61,90.87,20644458
002594,2026-02-25,90.89,92.79,90.89,91.45,32478010
002594,2026-02-26,91.4,91.4,89.61,89.85,29101894
002594,2026-02-27,89.4,89.94,89.1,89.32,21934083
002594,2026-03-02,88.0,97.25,87.72,96.79,143513688
002594,2026-03-03,96.39,96.99,93.99,95.21,86574145
002594,2026-03-04,95.2,96.8,93.7,95.99,70096892
002594,2026-03-05,96.8,96.82,93.89,94.47,55243997
002594,2026-03-06,96.0,96.0,93.25,93.62,50354037
002594,2026-03-09,93.62,98.0,93.0,97.52,109340899
002594,2026-03-10,97.18,97.49,96.08,96.6,50746243
002594,2026-03-11,96.75,100.34,95.67,99.22,90374375
002594,2026-03-12,99.23,100.69,98.7,99.1,50252357
002594,2026-03-13,99.0,100.79,98.3,99.67,51976482
002594,2026-03-16,99.67,105.0,98.79,104.62,108781426
002594,2026-03-17,104.63,106.66,102.71,102.87,84138860
002594,2026-03-18,102.82,102.82,100.05,101.69,61799648
002594,2026-03-19,100.99,103.88,100.47,102.31,53105939
002594,2026-03-20,102.0,104.45,101.56,103.03,62878324
002594,2026-03-23,103.87,111.82,103.18,107.63,178244551
002594,2026-03-24,108.4,108.4,104.93,106.64,92144617
002594,2026-03-25,106.72,107.66,105.28,106.6,66266489
002594,2026-03-26,106.62,107.68,102.7,103.14,82812067
002594,2026-03-27,103.99,105.89,102.75,105.3,65845464
002594,2026-03-30,103.51,108.0,103.25,106.05,72755723
002594,2026-03-31,107.0,108.49,105.1,105.25,58865901
600900,2026-02-12,26.27,26.3,26.05,26.12,73734237
600900,2026-02-13,26.13,26.18,25.95,26.0,71554068
600900,2026-02-24,26.13,26.16,25.98,26.05,73078939
600900,2026-02-25,26.08,26.2,25.95,25.97,95620954
600900,2026-02-26,25.98,26.09,25.93,26.04,61977169
600900,2026-02-27,26.05,26.18,26.02,26.04,91903782
600900,2026-03-02,26.12,26.65,26.12,26.57,181772888
600900,2026-03-03,26.57,27.1,26.53,26.97,214554653
600900,2026-03-04,26.8,27.19,26.52,27.09,175735443
600900,2026-03-05,26.98,27.24,26.84,27.08,132914871
600900,2026-03-06,27.06,27.15,26.98,27.14,87836924
600900,2026-03-09,27.16,27.63,27.09,27.2,207502799
600900,2026-03-10,27.01,27.24,26.73,27.15,119285715
600900,2026-03-11,27.15,27.31,26.95,27.3,89744546
600900,2026-03-12,27.32,27.5,27.16,27.5,107896209
600900,2026-03-13,27.5,27.63,27.35,27.42,94277629
600900,2026-03-16,27.42,27.5,27.24,27.36,87203787
600900,2026-03-17,27.32,27.57,27.28,27.49,85028895
600900,2026-03-18,27.48,27.65,27.24,27.29,80028992
600900,2026-03-19,27.27,27.48,27.2,27.26,101525781
600900,2026-03-20,27.26,27.39,27.02,27.18,84555509
600900,2026-03-23,27.07,27.26,26.66,26.74,175727130
600900,2026-03-24,26.9,27.13,26.72,27.1,91076718
600900,2026-03-25,27.15,27.27,26.92,27.21,86054505
600900,2026-03-26,27.19,27.45,27.1,27.31,84501370
600900,2026-03-27,27.28,27.4,27.18,27.25,68551722
600900,2026-03-30,27.25,27.25,27.01,27.14,69278060
600900,2026-03-31,27.14,27.33,27.04,27.04,80258884
